{
"2016":{
 "QCD1000": {"xsec": 1207},
 "QCD1500": {"xsec": 120},
 "QCD2000": {"xsec": 25.25},
 "QCD500": {"xsec": 32260},
 "QCD700": {"xsec": 6829},
 "QCDHT1000": {"xsec": 1207},
 "QCDHT1500": {"xsec": 120},
 "QCDHT2000": {"xsec": 25.25},
 "QCDHT500": {"xsec": 32260},
 "QCDHT700": {"xsec": 6829},
 "ST_t_antitop": {"xsec": 69.09},
 "ST_s": {"xsec": 3.74},
 "ST_sChannel": {"xsec": 3.74},
 "ST_tW_antitop": {"xsec": 34.97},
 "ST_tW_top": {"xsec": 34.91},
 "ST_t_top": {"xsec": 115.3},
 "ST_top": {"xsec": 115.3},
 "ST_antitop": {"xsec": 69.09},
 "TTW": {"xsec": 0.2198},
 "TTZ": {"xsec": 0.0568},
 "WJets": {"xsec": 52850},
 "WJets400": {"xsec": 269.90},
 "WJets600": {"xsec": 59.52},
 "WJets800": {"xsec": 30.17},
 "WJetsLNu100": {"xsec": 689.749632},
 "WJetsLNu250": {"xsec": 24.5069015},
 "WJetsLNu400": {"xsec": 3.110130566},
 "WJetsLNu600": {"xsec": 0.4683178368},
 "WminusH": {"xsec": 0.3654},
 "WplusH": {"xsec": 0.5716},
 "ZH": {"xsec": 0.5242},
 "ZJets400": {"xsec": 116.7},
 "ZJets600": {"xsec": 27.37},
 "ZJets800": {"xsec": 15.01},
 "ttH": {"xsec": 0.5401},
 "TTbar": {"xsec": 377.96},
 "TTbarHT": {"xsec": 1.92},
 "TTbarMtt700": {"xsec": 76.61},
 "TTbarMtt1000": {"xsec": 20.58},
 "TTbarSemi": {"xsec": 365.34},
 "DY1JetsToLL150":{"xsec":9.543},
 "DY1JetsToLL250":{"xsec":1.097},
 "DY1JetsToLL400":{"xsec":0.1207},
 "DY2JetsToLL150":{"xsec":15.65},
 "DY2JetsToLL250":{"xsec":2.74},
 "DY2JetsToLL400":{"xsec":0.4492},
 "W1JetsToLNu150":{"xsec":71.9},
 "W1JetsToLNu250":{"xsec":8.05},
 "W1JetsToLNu400":{"xsec":0.89},
 "W2JetsToLNu150":{"xsec":105.9},
 "W2JetsToLNu250":{"xsec":18.67},
 "W2JetsToLNu400":{"xsec":3.04},
 "lumi":36300
 },
"2017":{
 "QCD1000": {"xsec": 1207},
 "QCD1500": {"xsec": 120},
 "QCD2000": {"xsec": 25.25},
 "QCD500": {"xsec": 32260},
 "QCD700": {"xsec": 6829},
 "ST_t_antitop": {"xsec": 69.09},
 "ST_s": {"xsec": 3.74},
 "ST_tW_antitop": {"xsec": 34.97},
 "ST_tW_top": {"xsec": 34.91},
 "ST_t_top": {"xsec": 115.3},
 "TTW": {"xsec": 0.2198},
 "TTZ": {"xsec": 0.0568},
 "WJets": {"xsec": 52850},
 "WJets400": {"xsec": 277},
 "WJets600": {"xsec": 59.12},
 "WJets800": {"xsec": 28.77},
 "WJetsLNu100": {"xsec": 689.749632},
 "WJetsLNu250": {"xsec": 24.5069015},
 "WJetsLNu400": {"xsec": 3.110130566},
 "WJetsLNu600": {"xsec": 0.4683178368},
 "WminusH": {"xsec": 0.3654},
 "WplusH": {"xsec": 0.5716},
 "ZH": {"xsec": 0.5242},
 "ZJets400": {"xsec": 114.2},
 "ZJets600": {"xsec": 25.36},
 "ZJets800": {"xsec": 12.9},
 "ttH": {"xsec": 0.5401},
 "TTbar": {"xsec": 377.96},
 "TTbar_pt_incl": {"xsec": 377.96},
 "TTbarMtt700": {"xsec": 76.61},
 "TTbarMtt1000": {"xsec": 20.58},
 "TTbarSemi": {"xsec": 365.34},
 "TTbarSemi_incl": {"xsec": 365.34},
 "DYJetsToLL100":{"xsec":93.61},
 "DYJetsToLL250":{"xsec":3.67},
 "DYJetsToLL400":{"xsec":0.50},
 "DYJetsToLL650":{"xsec":0.04704},
 "WJetsToLNu100":{"xsec":756.9},
 "WJetsToLNu250":{"xsec":27.71},
 "WJetsToLNu400":{"xsec":3.544},
 "WJetsToLNu600":{"xsec":0.5399},
 "lumi":41500
 },
 "2018":{
 "QCD1000": {"xsec": 1207},
 "QCD1500": {"xsec": 120},
 "QCD2000": {"xsec": 25.25},
 "QCD500": {"xsec": 32260},
 "QCD700": {"xsec": 6829},
 "ST_t_antitop": {"xsec": 69.09},
 "ST_s": {"xsec": 3.74},
 "ST_tW_antitop": {"xsec": 34.97},
 "ST_tW_top": {"xsec": 34.91},
 "ST_t_top": {"xsec": 115.3},
 "TTW": {"xsec": 0.2198},
 "TTZ": {"xsec": 0.0568},
 "WJets": {"xsec": 52850},
 "WJets400": {"xsec": 277},
 "WJets600": {"xsec": 59.12},
 "WJets800": {"xsec": 28.77},
 "WJetsLNu100": {"xsec": 689.749632},
 "WJetsLNu250": {"xsec": 24.5069015},
 "WJetsLNu400": {"xsec": 3.110130566},
 "WJetsLNu600": {"xsec": 0.4683178368},
 "WminusH": {"xsec": 0.3654},
 "WplusH": {"xsec": 0.5716},
 "ZH": {"xsec": 0.5242},
 "ZJets400": {"xsec": 114.2},
 "ZJets600": {"xsec": 25.36},
 "ZJets800": {"xsec": 12.9},
 "ttH": {"xsec": 0.5401},
 "TTbar": {"xsec": 377.96},
 "TTbar_pt_incl": {"xsec": 377.96},
 "TTbarMtt700": {"xsec": 76.61},
 "TTbarMtt1000": {"xsec": 20.58},
 "TTbarSemi": {"xsec": 365.34},
 "TTbarSemi_incl": {"xsec": 365.34},
 "DYJetsToLL100":{"xsec":93.61},
 "DYJetsToLL250":{"xsec":3.67},
 "DYJetsToLL400":{"xsec":0.50},
 "DYJetsToLL650":{"xsec":0.04704},
 "lumi":59800
 }
}